/* FIT9132 2019 S1 Assignment 2 Q1-Part A ANSWERS
   Student Name:tianxin hang
    Student ID:26792923

   Comments to your marker:
   
*/
                                                                                                                             
Insert into PATIENT  values (100021,'Alice','Kennen','19 Creedon Street, COBURG NORTH, VIC, 3058',to_date('11-12-1984','DD-MM-YYYY'),'0491739597');
Insert into PATIENT (PATIENT_ID,PATIENT_FNAME,PATIENT_LNAME,PATIENT_ADDRESS,PATIENT_DOB,PATIENT_CONTACT_PHN) values (100133,'Annabelle','Mackaness','25 Cambro rd, Clayton, VIC, 3168',to_date('26-12-1994','DD-MM-YYYY'),'0420928900');
Insert into PATIENT (PATIENT_ID,PATIENT_FNAME,PATIENT_LNAME,PATIENT_ADDRESS,PATIENT_DOB,PATIENT_CONTACT_PHN) values (100189,'Emma','Alderson','87 Harris Street, TINTALDRA, VIC, 3708',to_date('01-02-1957','DD-MM-YYYY'),'0453225166');
Insert into PATIENT (PATIENT_ID,PATIENT_FNAME,PATIENT_LNAME,PATIENT_ADDRESS,PATIENT_DOB,PATIENT_CONTACT_PHN) values (100299,'Seth','Borrie','81 Girvan Grove, FLORA HILL, VIC, 3550',to_date('16-12-1988','DD-MM-YYYY'),'0455893155');
Insert into PATIENT (PATIENT_ID,PATIENT_FNAME,PATIENT_LNAME,PATIENT_ADDRESS,PATIENT_DOB,PATIENT_CONTACT_PHN) values (100310,'Madeline','Palfreyman','60 Tooronga Rd, Malvern East, VIC, 3145',to_date('16-02-1978','DD-MM-YYYY'),'0478126511');
Insert into PATIENT (PATIENT_ID,PATIENT_FNAME,PATIENT_LNAME,PATIENT_ADDRESS,PATIENT_DOB,PATIENT_CONTACT_PHN) values (100350,'Chris','Huang','17 Yarradale Rd, Toorak, VIC, 3142',to_date('21-03-1996','DD-MM-YYYY'),'0420589555');
Insert into PATIENT (PATIENT_ID,PATIENT_FNAME,PATIENT_LNAME,PATIENT_ADDRESS,PATIENT_DOB,PATIENT_CONTACT_PHN) values (100550,'James','Clark','50 Gibdon St, Burnley, VIC, 3121',to_date('23-08-1984','DD-MM-YYYY'),'0457811126');
Insert into PATIENT (PATIENT_ID,PATIENT_FNAME,PATIENT_LNAME,PATIENT_ADDRESS,PATIENT_DOB,PATIENT_CONTACT_PHN) values (100658,'Xin','Lee','11A Zetland Rd, Mont Albert, VIC, 3127',to_date('18-07-1965','DD-MM-YYYY'),'0488956322');
Insert into PATIENT (PATIENT_ID,PATIENT_FNAME,PATIENT_LNAME,PATIENT_ADDRESS,PATIENT_DOB,PATIENT_CONTACT_PHN) values (100789,'Iman','Huang','Unit 1-23 Parring Rd, Balwyn, VIC, 3103',to_date('17-09-1977','DD-MM-YYYY'),'0487512660');
Insert into PATIENT (PATIENT_ID,PATIENT_FNAME,PATIENT_LNAME,PATIENT_ADDRESS,PATIENT_DOB,PATIENT_CONTACT_PHN) values (101200,'Eric','Clark','10 Longstaff St, Kew East, VIC, 3102',to_date('19-11-1989','DD-MM-YYYY'),'0420021225');
Insert into PATIENT (PATIENT_ID,PATIENT_FNAME,PATIENT_LNAME,PATIENT_ADDRESS,PATIENT_DOB,PATIENT_CONTACT_PHN) values (101589,'Clint','House','268 Buckley St, Essendon, VIC, 3040',to_date('03-12-1999','DD-MM-YYYY'),'0478956655');
Insert into PATIENT (PATIENT_ID,PATIENT_FNAME,PATIENT_LNAME,PATIENT_ADDRESS,PATIENT_DOB,PATIENT_CONTACT_PHN) values (101666,'Vincent','Duval','37 Roberts St, Essendon, VIC, 3040',to_date('01-01-1993','DD-MM-YYYY'),'0411598633');
Insert into PATIENT (PATIENT_ID,PATIENT_FNAME,PATIENT_LNAME,PATIENT_ADDRESS,PATIENT_DOB,PATIENT_CONTACT_PHN) values (101789,'Yi','Shumpert','2 Mathers Ave, Kew East, VIC, 3102',to_date('02-08-1982','DD-MM-YYYY'),'0457881225');
Insert into PATIENT (PATIENT_ID,PATIENT_FNAME,PATIENT_LNAME,PATIENT_ADDRESS,PATIENT_DOB,PATIENT_CONTACT_PHN) values (101985,'PJ','Green','10 Salisbury St, Sunshine North, VIC, 3020',to_date('08-07-1978','DD-MM-YYYY'),'0459889668');
Insert into PATIENT (PATIENT_ID,PATIENT_FNAME,PATIENT_LNAME,PATIENT_ADDRESS,PATIENT_DOB,PATIENT_CONTACT_PHN) values (102010,'James','Hartenstein','70 Becket St N, Glenroy, VIC, 3046',to_date('18-03-1994','DD-MM-YYYY'),'0429985698');
Insert into PATIENT (PATIENT_ID,PATIENT_FNAME,PATIENT_LNAME,PATIENT_ADDRESS,PATIENT_DOB,PATIENT_CONTACT_PHN) values (102111,'Nene','Tucker','22 Elmswood Blvd, Keysborough, VIC, 3173',to_date('19-09-1963','DD-MM-YYYY'),'0416678569');

Insert into ADMISSION (ADM_NO,ADM_DATE_TIME,ADM_DISCHARGE,PATIENT_ID,DOCTOR_ID) values (100285,to_date('01-01-2019 13:19:21','DD-MM-YYYY hh24:mi:ss'),to_date('11-01-2019 11:31:30','DD-MM-YYYY hh24:mi:ss'),100189,1060);
Insert into ADMISSION (ADM_NO,ADM_DATE_TIME,ADM_DISCHARGE,PATIENT_ID,DOCTOR_ID) values (100850,to_date('03-01-2019 15:22:31','DD-MM-YYYY hh24:mi:ss'),to_date('18-01-2019 17:31:21','DD-MM-YYYY hh24:mi:ss'),100299,1028);
Insert into ADMISSION (ADM_NO,ADM_DATE_TIME,ADM_DISCHARGE,PATIENT_ID,DOCTOR_ID) values (100951,to_date('11-01-2019 16:22:11','DD-MM-YYYY hh24:mi:ss'),to_date('21-01-2019 13:21:36','DD-MM-YYYY hh24:mi:ss'),100021,1056);
Insert into ADMISSION (ADM_NO,ADM_DATE_TIME,ADM_DISCHARGE,PATIENT_ID,DOCTOR_ID) values (100999,to_date('15-01-2019 09:21:01','DD-MM-YYYY hh24:mi:ss'),to_date('15-01-2019 15:11:20','DD-MM-YYYY hh24:mi:ss'),100310,1069);
Insert into ADMISSION (ADM_NO,ADM_DATE_TIME,ADM_DISCHARGE,PATIENT_ID,DOCTOR_ID) values (101100,to_date('21-01-2019 08:02:01','DD-MM-YYYY hh24:mi:ss'),to_date('31-01-2019 16:31:27','DD-MM-YYYY hh24:mi:ss'),100350,1084);
Insert into ADMISSION (ADM_NO,ADM_DATE_TIME,ADM_DISCHARGE,PATIENT_ID,DOCTOR_ID) values (101203,to_date('28-01-2019 11:01:03','DD-MM-YYYY hh24:mi:ss'),to_date('05-02-2019 18:21:20','DD-MM-YYYY hh24:mi:ss'),100658,1095);
Insert into ADMISSION (ADM_NO,ADM_DATE_TIME,ADM_DISCHARGE,PATIENT_ID,DOCTOR_ID) values (101601,to_date('09-02-2019 03:18:17','DD-MM-YYYY hh24:mi:ss'),to_date('09-02-2019 17:15:18','DD-MM-YYYY hh24:mi:ss'),100789,1060);
Insert into ADMISSION (ADM_NO,ADM_DATE_TIME,ADM_DISCHARGE,PATIENT_ID,DOCTOR_ID) values (101698,to_date('21-02-2019 07:36:11','DD-MM-YYYY hh24:mi:ss'),to_date('21-03-2019 18:21:30','DD-MM-YYYY hh24:mi:ss'),101200,7900);
Insert into ADMISSION (ADM_NO,ADM_DATE_TIME,ADM_DISCHARGE,PATIENT_ID,DOCTOR_ID) values (101958,to_date('28-02-2019 08:18:16','DD-MM-YYYY hh24:mi:ss'),to_date('08-03-2019 09:21:32','DD-MM-YYYY hh24:mi:ss'),101589,1005);
Insert into ADMISSION (ADM_NO,ADM_DATE_TIME,ADM_DISCHARGE,PATIENT_ID,DOCTOR_ID) values (101999,to_date('03-03-2019 11:16:12','DD-MM-YYYY hh24:mi:ss'),to_date('05-03-2019 13:37:21','DD-MM-YYYY hh24:mi:ss'),101666,1018);
Insert into ADMISSION (ADM_NO,ADM_DATE_TIME,ADM_DISCHARGE,PATIENT_ID,DOCTOR_ID) values (102002,to_date('06-03-2019 03:18:17','DD-MM-YYYY hh24:mi:ss'),to_date('09-03-2019 17:15:18','DD-MM-YYYY hh24:mi:ss'),100789,1060);
Insert into ADMISSION (ADM_NO,ADM_DATE_TIME,ADM_DISCHARGE,PATIENT_ID,DOCTOR_ID) values (102010,to_date('08-03-2019 11:21:20','DD-MM-YYYY hh24:mi:ss'),to_date('28-03-2019 21:03:02','DD-MM-YYYY hh24:mi:ss'),101789,1005);
Insert into ADMISSION (ADM_NO,ADM_DATE_TIME,ADM_DISCHARGE,PATIENT_ID,DOCTOR_ID) values (102023,to_date('09-03-2019 10:28:29','DD-MM-YYYY hh24:mi:ss'),to_date('18-03-2019 20:15:18','DD-MM-YYYY hh24:mi:ss'),101985,1033);
Insert into ADMISSION (ADM_NO,ADM_DATE_TIME,ADM_DISCHARGE,PATIENT_ID,DOCTOR_ID) values (102089,to_date('14-03-2019 07:05:18','DD-MM-YYYY hh24:mi:ss'),to_date('31-03-2019 19:53:21','DD-MM-YYYY hh24:mi:ss'),100189,7890);
Insert into ADMISSION (ADM_NO,ADM_DATE_TIME,ADM_DISCHARGE,PATIENT_ID,DOCTOR_ID) values (102185,to_date('14-03-2019 13:08:01','DD-MM-YYYY hh24:mi:ss'),to_date('14-03-2019 09:21:28','DD-MM-YYYY hh24:mi:ss'),102010,1048);
Insert into ADMISSION (ADM_NO,ADM_DATE_TIME,ADM_DISCHARGE,PATIENT_ID,DOCTOR_ID) values (102230,to_date('29-03-2019 09:18:37','DD-MM-YYYY hh24:mi:ss'),to_date('31-03-2019 10:21:25','DD-MM-YYYY hh24:mi:ss'),102111,1033);
Insert into ADMISSION (ADM_NO,ADM_DATE_TIME,ADM_DISCHARGE,PATIENT_ID,DOCTOR_ID) values (102302,to_date('08-04-2019 09:56:52','DD-MM-YYYY hh24:mi:ss'),to_date('08-04-2019 18:21:21','DD-MM-YYYY hh24:mi:ss'),100021,1061);
Insert into ADMISSION (ADM_NO,ADM_DATE_TIME,ADM_DISCHARGE,PATIENT_ID,DOCTOR_ID) values (102369,to_date('21-04-2019 07:05:18','DD-MM-YYYY hh24:mi:ss'),to_date('22-04-2019 19:53:21','DD-MM-YYYY hh24:mi:ss'),100189,1060);
Insert into ADMISSION (ADM_NO,ADM_DATE_TIME,ADM_DISCHARGE,PATIENT_ID,DOCTOR_ID) values (102398,to_date('28-04-2019 10:52:02','DD-MM-YYYY hh24:mi:ss'),to_date('02-05-2019 19:21:12','DD-MM-YYYY hh24:mi:ss'),100310,1027);
Insert into ADMISSION (ADM_NO,ADM_DATE_TIME,ADM_DISCHARGE,PATIENT_ID,DOCTOR_ID) values (102501,to_date('01-05-2019 08:01:18','DD-MM-YYYY hh24:mi:ss'),to_date('01-05-2019 18:32:51','DD-MM-YYYY hh24:mi:ss'),100299,1069);
Insert into ADMISSION (ADM_NO,ADM_DATE_TIME,ADM_DISCHARGE,PATIENT_ID,DOCTOR_ID) values (102555,to_date('11-05-2019 11:29:38','DD-MM-YYYY hh24:mi:ss'),to_date('12-05-2019 18:23:28','DD-MM-YYYY hh24:mi:ss'),100789,1028);
Insert into ADMISSION (ADM_NO,ADM_DATE_TIME,ADM_DISCHARGE,PATIENT_ID,DOCTOR_ID) values (102561,to_date('18-05-2019 09:29:22','DD-MM-YYYY hh24:mi:ss'),null,101666,1095);


Insert into ADM_PRC (ADPRC_NO,ADPRC_DATE_TIME,ADPRC_PAT_COST,ADPRC_ITEMS_COST,ADM_NO,PROC_CODE,REQUEST_DR_ID,PERFORM_DR_ID) values (0100312,to_date('08-01-2019 15:29:33','DD-MM-YYYY hh24:mi:ss'),655.52,271.49,100285,27459,1060,1060);
Insert into ADM_PRC (ADPRC_NO,ADPRC_DATE_TIME,ADPRC_PAT_COST,ADPRC_ITEMS_COST,ADM_NO,PROC_CODE,REQUEST_DR_ID,PERFORM_DR_ID) values (0100851,to_date('09-01-2019 10:12:23','DD-MM-YYYY hh24:mi:ss'),38.21,0,100850,40099,1028,null);
Insert into ADM_PRC (ADPRC_NO,ADPRC_DATE_TIME,ADPRC_PAT_COST,ADPRC_ITEMS_COST,ADM_NO,PROC_CODE,REQUEST_DR_ID,PERFORM_DR_ID) values (0100998,to_date('15-01-2019 09:03:01','DD-MM-YYYY hh24:mi:ss'),502.33,475.63,100951,17122,1028,null);
Insert into ADM_PRC (ADPRC_NO,ADPRC_DATE_TIME,ADPRC_PAT_COST,ADPRC_ITEMS_COST,ADM_NO,PROC_CODE,REQUEST_DR_ID,PERFORM_DR_ID) values (0101121,to_date('26-01-2019 13:21:11','DD-MM-YYYY hh24:mi:ss'),233.6,183.23,101100,54132,1095,1095);
Insert into ADM_PRC (ADPRC_NO,ADPRC_DATE_TIME,ADPRC_PAT_COST,ADPRC_ITEMS_COST,ADM_NO,PROC_CODE,REQUEST_DR_ID,PERFORM_DR_ID) values (0101225,to_date('02-02-2019 10:53:11','DD-MM-YYYY hh24:mi:ss'),226.32,182.78,101203,54132,1095,1095);
Insert into ADM_PRC (ADPRC_NO,ADPRC_DATE_TIME,ADPRC_PAT_COST,ADPRC_ITEMS_COST,ADM_NO,PROC_CODE,REQUEST_DR_ID,PERFORM_DR_ID) values (0101755,to_date('09-02-2019 15:52:30','DD-MM-YYYY hh24:mi:ss'),65,0,101601,33335,1060,null);
Insert into ADM_PRC (ADPRC_NO,ADPRC_DATE_TIME,ADPRC_PAT_COST,ADPRC_ITEMS_COST,ADM_NO,PROC_CODE,REQUEST_DR_ID,PERFORM_DR_ID) values (0101801,to_date('23-02-2019 11:01:22','DD-MM-YYYY hh24:mi:ss'),72,0,101698,15509,7900,null);
Insert into ADM_PRC (ADPRC_NO,ADPRC_DATE_TIME,ADPRC_PAT_COST,ADPRC_ITEMS_COST,ADM_NO,PROC_CODE,REQUEST_DR_ID,PERFORM_DR_ID) values (0101802,to_date('23-02-2019 11:18:10','DD-MM-YYYY hh24:mi:ss'),72,0,101698,15510,7900,null);
Insert into ADM_PRC (ADPRC_NO,ADPRC_DATE_TIME,ADPRC_PAT_COST,ADPRC_ITEMS_COST,ADM_NO,PROC_CODE,REQUEST_DR_ID,PERFORM_DR_ID) values (0101922,to_date('28-02-2019 09:36:51','DD-MM-YYYY hh24:mi:ss'),112.11,110.15,101958,43114,1005,1005);
Insert into ADM_PRC (ADPRC_NO,ADPRC_DATE_TIME,ADPRC_PAT_COST,ADPRC_ITEMS_COST,ADM_NO,PROC_CODE,REQUEST_DR_ID,PERFORM_DR_ID) values (0102003,to_date('06-03-2019 09:03:01','DD-MM-YYYY hh24:mi:ss'),375.2,380.83,101698,49518,7900,1298);  
Insert into ADM_PRC (ADPRC_NO,ADPRC_DATE_TIME,ADPRC_PAT_COST,ADPRC_ITEMS_COST,ADM_NO,PROC_CODE,REQUEST_DR_ID,PERFORM_DR_ID) values (0102155,to_date('10-03-2019 15:06:18','DD-MM-YYYY hh24:mi:ss'),336.23,0,102010,43111,1005,null);
Insert into ADM_PRC (ADPRC_NO,ADPRC_DATE_TIME,ADPRC_PAT_COST,ADPRC_ITEMS_COST,ADM_NO,PROC_CODE,REQUEST_DR_ID,PERFORM_DR_ID) values (0102230,to_date('23-03-2019 11:11:36','DD-MM-YYYY hh24:mi:ss'),233.6,383.48,102010,43556,1005,1005);
Insert into ADM_PRC (ADPRC_NO,ADPRC_DATE_TIME,ADPRC_PAT_COST,ADPRC_ITEMS_COST,ADM_NO,PROC_CODE,REQUEST_DR_ID,PERFORM_DR_ID) values (0102356,to_date('12-03-2019 13:26:03','DD-MM-YYYY hh24:mi:ss'),73,0,102089,15509,7890,null);
Insert into ADM_PRC (ADPRC_NO,ADPRC_DATE_TIME,ADPRC_PAT_COST,ADPRC_ITEMS_COST,ADM_NO,PROC_CODE,REQUEST_DR_ID,PERFORM_DR_ID) values (0102357,to_date('12-03-2019 13:51:18','DD-MM-YYYY hh24:mi:ss'),73,0,102089,15510,7890,null);
Insert into ADM_PRC (ADPRC_NO,ADPRC_DATE_TIME,ADPRC_PAT_COST,ADPRC_ITEMS_COST,ADM_NO,PROC_CODE,REQUEST_DR_ID,PERFORM_DR_ID) values (0102589,to_date('23-03-2019 09:03:01','DD-MM-YYYY hh24:mi:ss'),369.22,335.53,102089,49518,7890,7900);
Insert into ADM_PRC (ADPRC_NO,ADPRC_DATE_TIME,ADPRC_PAT_COST,ADPRC_ITEMS_COST,ADM_NO,PROC_CODE,REQUEST_DR_ID,PERFORM_DR_ID) values (0102756,to_date('29-03-2019 10:39:31','DD-MM-YYYY hh24:mi:ss'),60.23,0,102230,71432,1033,null);
Insert into ADM_PRC (ADPRC_NO,ADPRC_DATE_TIME,ADPRC_PAT_COST,ADPRC_ITEMS_COST,ADM_NO,PROC_CODE,REQUEST_DR_ID,PERFORM_DR_ID) values (0102985,to_date('08-04-2019 11:59:33','DD-MM-YYYY hh24:mi:ss'),32,0,102302,65554,1061,null);
Insert into ADM_PRC (ADPRC_NO,ADPRC_DATE_TIME,ADPRC_PAT_COST,ADPRC_ITEMS_COST,ADM_NO,PROC_CODE,REQUEST_DR_ID,PERFORM_DR_ID) values (0103001,to_date('08-04-2019 15:21:17','DD-MM-YYYY hh24:mi:ss'),70.22,0,102302,32266,1061,null);
Insert into ADM_PRC (ADPRC_NO,ADPRC_DATE_TIME,ADPRC_PAT_COST,ADPRC_ITEMS_COST,ADM_NO,PROC_CODE,REQUEST_DR_ID,PERFORM_DR_ID) values (0103221,to_date('01-05-2019 15:01:02','DD-MM-YYYY hh24:mi:ss'),91.2,0,102501,23432,1069,1061);
Insert into ADM_PRC (ADPRC_NO,ADPRC_DATE_TIME,ADPRC_PAT_COST,ADPRC_ITEMS_COST,ADM_NO,PROC_CODE,REQUEST_DR_ID,PERFORM_DR_ID) values (0103389,to_date('12-05-2019 21:18:21','DD-MM-YYYY hh24:mi:ss'),28.81,0,102555,40099,1028,null);


Insert into ITEM_TREATMENT (ADPRC_NO,ITEM_CODE,IT_QTY_USED,IT_ITEM_TOTAL_COST) values(0100312,'AN002',1,182.33);
Insert into ITEM_TREATMENT (ADPRC_NO,ITEM_CODE,IT_QTY_USED,IT_ITEM_TOTAL_COST) values(0100312,'CE001',2,7.96);
Insert into ITEM_TREATMENT (ADPRC_NO,ITEM_CODE,IT_QTY_USED,IT_ITEM_TOTAL_COST) values(0100312,'AP050',1,81.2);
Insert into ITEM_TREATMENT (ADPRC_NO,ITEM_CODE,IT_QTY_USED,IT_ITEM_TOTAL_COST) values(0100998,'BI500',1,365.48);
Insert into ITEM_TREATMENT (ADPRC_NO,ITEM_CODE,IT_QTY_USED,IT_ITEM_TOTAL_COST) values(0100998,'EA030',1,110.15);
Insert into ITEM_TREATMENT (ADPRC_NO,ITEM_CODE,IT_QTY_USED,IT_ITEM_TOTAL_COST) values(0101121,'TN010',2,0.9);
Insert into ITEM_TREATMENT (ADPRC_NO,ITEM_CODE,IT_QTY_USED,IT_ITEM_TOTAL_COST) values(0101121,'AN002',1,182.33);
Insert into ITEM_TREATMENT (ADPRC_NO,ITEM_CODE,IT_QTY_USED,IT_ITEM_TOTAL_COST) values(0101225,'TN010',1,0.45);
Insert into ITEM_TREATMENT (ADPRC_NO,ITEM_CODE,IT_QTY_USED,IT_ITEM_TOTAL_COST) values(0101225,'AN002',1,182.33);
Insert into ITEM_TREATMENT (ADPRC_NO,ITEM_CODE,IT_QTY_USED,IT_ITEM_TOTAL_COST) values(0101922,'EA030',1,110.15);
Insert into ITEM_TREATMENT (ADPRC_NO,ITEM_CODE,IT_QTY_USED,IT_ITEM_TOTAL_COST) values(0102003,'AN002',1,182.33);
Insert into ITEM_TREATMENT (ADPRC_NO,ITEM_CODE,IT_QTY_USED,IT_ITEM_TOTAL_COST) values(0102003,'SS006',5,75.5);
Insert into ITEM_TREATMENT (ADPRC_NO,ITEM_CODE,IT_QTY_USED,IT_ITEM_TOTAL_COST) values(0102003,'KN056',1,123);
Insert into ITEM_TREATMENT (ADPRC_NO,ITEM_CODE,IT_QTY_USED,IT_ITEM_TOTAL_COST) values(0102230,'BI500',1,365.48);
Insert into ITEM_TREATMENT (ADPRC_NO,ITEM_CODE,IT_QTY_USED,IT_ITEM_TOTAL_COST) values(0102230,'OV001',3,12.84);
Insert into ITEM_TREATMENT (ADPRC_NO,ITEM_CODE,IT_QTY_USED,IT_ITEM_TOTAL_COST) values(0102230,'TE001',3,5.16);
Insert into ITEM_TREATMENT (ADPRC_NO,ITEM_CODE,IT_QTY_USED,IT_ITEM_TOTAL_COST) values(0102589,'AN002',1,182.33);
Insert into ITEM_TREATMENT (ADPRC_NO,ITEM_CODE,IT_QTY_USED,IT_ITEM_TOTAL_COST) values(0102589,'SS006',2,30.2);
Insert into ITEM_TREATMENT (ADPRC_NO,ITEM_CODE,IT_QTY_USED,IT_ITEM_TOTAL_COST) values(0102589,'KN056',1,123);

commit;

